Player,Age,Team,Pos,G,GS,MP,FG,FGA,FG%,3P,3PA,3P%,2P,2PA,2P%,eFG%,FT,FTA,FT%,ORB,DRB,TRB,AST,STL,BLK,TOV,PF,PTS,Age_adv,Pos_adv,G_adv,GS_adv,MP_adv,PER,TS%,3PAr,FTr,ORB%,DRB%,TRB%,AST%,STL%,BLK%,TOV%,USG%,OWS,DWS,WS,WS/48,OBPM,DBPM,BPM,VORP,W,L,total_games,win_pct,Season,MVP_Score,is_mvp
Luka Dončić,26.0,LAL,PG,64.0,64.0,35.8,10.8,22.8,0.476,4.0,10.8,0.366,6.9,11.9,0.575,0.563,7.9,10.1,0.78,0.6,7.1,7.7,8.3,1.6,0.5,4.0,2.4,33.5,26.0,PG,64.0,64.0,2289.0,27.9,0.616,0.476,0.443,2.2,22.6,12.7,40.6,2.2,1.4,12.8,38.0,6.6,2.8,9.4,0.198,7.9,1.2,9.1,6.4,50.0,29.0,79.0,0.6329113924050633,2026,,
Shai Gilgeous-Alexander,27.0,OKC,PG,67.0,67.0,33.3,10.8,19.5,0.554,1.7,4.4,0.387,9.1,15.1,0.602,0.597,8.1,9.1,0.881,0.6,3.8,4.3,6.5,1.4,0.8,2.2,2.1,31.3,27.0,PG,67.0,67.0,2229.0,31.0,0.666,0.224,0.47,1.9,11.8,7.1,34.7,2.0,2.2,8.6,33.4,11.1,4.2,15.3,0.329,8.8,3.0,11.8,7.7,63.0,16.0,79.0,0.7974683544303798,2026,,
Jaylen Brown,29.0,BOS,SF,70.0,70.0,34.5,10.4,21.9,0.476,2.0,5.7,0.344,8.4,16.1,0.523,0.521,6.0,7.6,0.796,1.2,5.8,7.0,5.2,1.0,0.4,3.6,2.7,28.8,29.0,SF,70.0,70.0,2414.0,22.2,0.572,0.262,0.346,3.8,18.2,11.1,26.2,1.5,1.1,12.5,36.2,3.6,3.3,7.0,0.138,3.6,-0.1,3.5,3.4,54.0,25.0,79.0,0.6835443037974683,2026,,
Tyrese Maxey,25.0,PHI,PG,67.0,67.0,38.2,9.9,21.5,0.463,3.2,8.6,0.369,6.8,12.9,0.524,0.536,5.4,6.0,0.891,0.3,3.8,4.1,6.7,1.9,0.8,2.5,2.2,28.4,25.0,PG,67.0,67.0,2562.0,22.0,0.588,0.399,0.28,0.8,11.1,5.9,29.3,2.4,2.0,9.3,29.4,5.8,2.5,8.3,0.156,5.0,0.4,5.4,4.8,43.0,36.0,79.0,0.5443037974683544,2026,,
Kawhi Leonard,34.0,LAC,SF,63.0,63.0,32.0,9.8,19.4,0.506,2.7,6.9,0.389,7.1,12.5,0.571,0.575,5.8,6.5,0.895,1.1,5.2,6.3,3.6,1.9,0.4,2.0,1.2,28.1,34.0,SF,63.0,63.0,2017.0,28.2,0.632,0.357,0.335,4.0,18.5,11.5,21.0,3.0,1.3,8.4,33.6,6.5,2.7,9.2,0.218,7.5,0.7,8.2,5.2,41.0,38.0,79.0,0.5189873417721519,2026,,
Nikola Jokić,30.0,DEN,C,63.0,63.0,35.2,10.0,17.7,0.568,1.8,4.6,0.38,8.3,13.0,0.635,0.618,6.1,7.4,0.829,2.9,10.0,12.9,10.9,1.4,0.8,3.8,2.7,28.0,30.0,C,63.0,63.0,2216.0,32.3,0.669,0.263,0.42,9.8,30.5,20.6,51.2,2.0,2.2,15.5,30.6,11.1,3.3,14.4,0.312,10.0,4.1,14.1,8.9,51.0,28.0,79.0,0.6455696202531646,2026,,
Donovan Mitchell,29.0,CLE,SG,69.0,69.0,33.4,9.7,20.1,0.481,3.2,8.9,0.364,6.4,11.2,0.574,0.562,5.3,6.1,0.863,0.7,3.8,4.5,5.7,1.5,0.3,2.8,2.3,27.8,29.0,SG,69.0,69.0,2307.0,22.9,0.612,0.442,0.306,2.3,12.4,7.4,27.9,2.2,0.8,11.1,32.2,5.7,2.4,8.1,0.168,5.2,-0.2,5.0,4.1,50.0,29.0,79.0,0.6329113924050633,2026,,
Jalen Brunson,29.0,NYK,PG,72.0,72.0,35.0,9.3,20.0,0.464,2.7,7.2,0.37,6.6,12.8,0.516,0.53,4.8,5.8,0.841,0.4,2.9,3.4,6.8,0.8,0.1,2.4,2.3,26.0,29.0,PG,72.0,72.0,2522.0,20.0,0.578,0.359,0.288,1.4,9.4,5.4,31.3,1.1,0.3,9.5,30.3,6.3,2.2,8.5,0.162,3.9,-1.0,2.9,3.1,51.0,28.0,79.0,0.6455696202531646,2026,,
Devin Booker,29.0,PHO,SG,63.0,63.0,33.5,8.5,18.6,0.455,1.9,5.8,0.33,6.6,12.8,0.512,0.506,7.1,8.1,0.871,0.7,3.1,3.9,6.0,0.8,0.3,3.1,2.6,25.9,29.0,SG,63.0,63.0,2109.0,20.3,0.584,0.311,0.436,2.3,10.7,6.4,29.9,1.2,0.8,12.4,32.0,4.5,1.7,6.3,0.142,3.1,-1.0,2.1,2.2,43.0,36.0,79.0,0.5443037974683544,2026,,
Kevin Durant,37.0,HOU,SF,76.0,76.0,36.4,9.1,17.6,0.517,2.4,5.8,0.413,6.7,11.8,0.569,0.585,5.2,5.9,0.878,0.5,4.9,5.4,4.7,0.8,0.9,3.2,1.8,25.8,37.0,SF,76.0,76.0,2763.0,21.0,0.638,0.331,0.336,1.6,14.8,8.3,20.7,1.1,2.3,13.5,27.1,7.1,3.1,10.2,0.178,4.2,0.1,4.4,4.4,50.0,29.0,79.0,0.6329113924050633,2026,,
Jamal Murray,28.0,DEN,PG,74.0,74.0,35.4,8.8,18.1,0.483,3.2,7.5,0.434,5.5,10.7,0.518,0.573,4.6,5.2,0.886,0.4,3.9,4.4,7.2,0.9,0.4,2.3,1.8,25.4,28.0,PG,74.0,74.0,2617.0,21.9,0.621,0.412,0.287,1.4,12.0,6.9,31.5,1.2,1.0,10.0,27.9,7.7,1.7,9.4,0.172,5.5,-1.4,4.1,4.0,51.0,28.0,79.0,0.6455696202531646,2026,,
Victor Wembanyama,22.0,SAS,C,63.0,54.0,29.2,8.6,16.8,0.51,1.9,5.4,0.35,6.7,11.3,0.587,0.567,5.7,7.0,0.825,2.0,9.5,11.5,3.1,1.0,3.1,2.4,2.5,24.8,22.0,C,63.0,54.0,1839.0,29.5,0.624,0.325,0.415,7.6,33.9,21.1,17.4,1.7,9.5,10.9,32.2,4.7,5.0,9.7,0.253,6.2,4.2,10.4,5.8,60.0,19.0,79.0,0.759493670886076,2026,,
Deni Avdija,25.0,POR,SF,63.0,63.0,33.2,7.3,16.0,0.457,1.9,6.0,0.315,5.4,10.0,0.541,0.515,7.5,9.4,0.802,1.1,5.8,7.0,6.7,0.8,0.6,3.8,2.6,24.0,25.0,SF,63.0,63.0,2094.0,20.2,0.597,0.373,0.587,3.7,19.2,11.3,32.0,1.1,1.7,16.0,29.2,4.2,2.3,6.5,0.15,3.6,0.5,4.1,3.2,40.0,39.0,79.0,0.5063291139240507,2026,,
Jalen Johnson,24.0,ATL,SF,70.0,70.0,35.3,8.4,17.1,0.492,1.7,4.8,0.354,6.7,12.4,0.544,0.541,4.2,5.3,0.786,1.4,8.9,10.3,8.0,1.3,0.4,3.4,2.0,22.7,24.0,SF,70.0,70.0,2473.0,20.7,0.583,0.278,0.311,4.2,27.7,15.8,33.9,1.7,1.1,14.8,27.0,3.7,3.8,7.5,0.146,3.1,1.4,4.5,4.0,45.0,34.0,79.0,0.569620253164557,2026,,
Paolo Banchero,23.0,ORL,PF,69.0,69.0,34.9,7.4,16.1,0.459,1.2,3.8,0.309,6.2,12.2,0.506,0.496,6.4,8.2,0.778,1.2,7.2,8.4,5.1,0.7,0.6,3.0,2.0,22.3,23.0,PF,69.0,69.0,2408.0,17.6,0.567,0.239,0.512,3.7,23.2,13.4,22.9,1.0,1.5,13.4,27.6,1.9,2.8,4.7,0.094,1.3,-0.1,1.3,2.0,43.0,36.0,79.0,0.5443037974683544,2026,,
Trey Murphy III,25.0,NOP,SF,66.0,66.0,35.5,7.5,15.9,0.47,3.2,8.6,0.379,4.2,7.3,0.577,0.572,3.3,3.7,0.886,1.0,4.8,5.7,3.8,1.5,0.4,1.8,2.1,21.5,25.0,SF,66.0,66.0,2341.0,18.3,0.613,0.538,0.234,2.9,14.6,8.7,16.2,2.0,1.0,9.4,22.8,4.5,1.6,6.1,0.125,3.0,-0.6,2.4,2.6,26.0,54.0,80.0,0.325,2026,,
Brandon Ingram,28.0,TOR,SF,74.0,74.0,33.8,7.9,16.8,0.473,1.8,4.6,0.379,6.2,12.1,0.508,0.525,3.7,4.5,0.823,0.8,4.7,5.5,3.6,0.8,0.7,2.5,2.0,21.3,28.0,SF,74.0,74.0,2500.0,15.9,0.568,0.277,0.269,2.7,16.0,9.3,16.6,1.1,2.1,11.7,26.9,1.0,2.9,4.0,0.076,0.7,-0.5,0.2,1.4,44.0,35.0,79.0,0.5569620253164557,2026,,
Cooper Flagg,19.0,DAL,SF,67.0,67.0,33.9,8.0,17.1,0.471,1.0,3.5,0.297,7.0,13.6,0.515,0.501,4.1,5.0,0.823,1.2,5.4,6.6,4.5,1.2,0.9,2.3,2.1,21.2,19.0,SF,67.0,67.0,2270.0,17.9,0.55,0.203,0.291,3.9,16.7,10.4,21.4,1.7,2.4,10.9,26.7,1.3,2.5,3.8,0.08,1.0,0.5,1.5,2.0,25.0,54.0,79.0,0.31645569620253167,2026,,
Julius Randle,31.0,MIN,PF,79.0,79.0,33.0,7.3,15.3,0.481,1.4,4.4,0.315,6.0,10.9,0.547,0.526,5.0,6.3,0.802,1.7,5.1,6.7,5.0,1.1,0.2,2.7,2.8,21.1,31.0,PF,79.0,79.0,2610.0,18.5,0.585,0.287,0.411,5.6,16.5,11.2,23.2,1.6,0.6,13.2,26.5,4.3,3.2,7.5,0.138,1.4,0.0,1.4,2.3,47.0,32.0,79.0,0.5949367088607594,2026,,
Nickeil Alexander-Walker,27.0,ATL,SG,76.0,69.0,33.3,7.0,15.3,0.457,3.2,8.1,0.399,3.8,7.3,0.521,0.561,3.6,4.0,0.902,0.7,2.8,3.5,3.7,1.3,0.5,2.1,2.2,20.8,27.0,SG,76.0,69.0,2532.0,16.5,0.609,0.526,0.262,2.2,9.2,5.6,16.1,1.8,1.5,10.9,24.0,3.5,2.7,6.2,0.117,1.6,-0.4,1.2,2.0,45.0,34.0,79.0,0.569620253164557,2026,,
Desmond Bane,27.0,ORL,SG,79.0,79.0,34.1,7.2,14.9,0.485,2.1,5.3,0.394,5.2,9.6,0.535,0.555,3.9,4.3,0.909,1.2,3.0,4.2,4.1,1.0,0.5,2.0,3.1,20.5,27.0,SG,79.0,79.0,2691.0,17.0,0.609,0.355,0.289,3.9,9.9,6.9,19.2,1.5,1.2,10.7,23.4,4.8,2.4,7.3,0.129,1.7,-0.3,1.4,2.3,43.0,36.0,79.0,0.5443037974683544,2026,,
Alperen Şengün,23.0,HOU,C,70.0,70.0,33.4,8.1,15.7,0.519,0.6,1.9,0.308,7.6,13.8,0.548,0.537,3.7,5.3,0.69,3.0,5.9,8.9,6.2,1.2,1.1,3.2,3.3,20.5,23.0,C,70.0,70.0,2336.0,21.6,0.57,0.119,0.341,10.1,19.3,14.8,29.1,1.8,3.0,14.9,26.7,4.4,3.5,7.9,0.162,2.8,1.5,4.3,3.7,50.0,29.0,79.0,0.6329113924050633,2026,,
Karl-Anthony Towns,30.0,NYK,C,73.0,73.0,31.0,6.9,13.8,0.499,1.5,4.1,0.37,5.4,9.7,0.554,0.554,4.8,5.6,0.855,3.1,8.7,11.9,3.0,0.9,0.5,2.5,3.4,20.1,30.0,C,73.0,73.0,2262.0,21.8,0.617,0.298,0.405,11.2,31.6,21.3,14.4,1.4,1.8,13.5,25.9,5.3,3.9,9.2,0.194,2.6,0.5,3.1,2.9,51.0,28.0,79.0,0.6455696202531646,2026,,
Bam Adebayo,28.0,MIA,C,70.0,70.0,32.3,6.8,15.7,0.436,1.7,5.5,0.313,5.1,10.2,0.502,0.491,4.6,5.9,0.779,2.0,8.0,10.0,3.0,1.2,0.6,1.7,1.7,20.0,28.0,C,70.0,70.0,2260.0,18.3,0.547,0.351,0.374,6.5,25.6,16.0,13.6,1.7,1.8,8.4,25.1,2.3,3.4,5.7,0.122,1.2,0.4,1.6,2.1,41.0,38.0,79.0,0.5189873417721519,2026,,
LaMelo Ball,24.0,CHO,PG,70.0,67.0,27.9,7.0,17.2,0.408,3.7,10.1,0.369,3.3,7.1,0.465,0.517,2.2,2.5,0.895,0.9,3.9,4.8,7.1,1.2,0.2,2.8,2.7,20.0,24.0,PG,70.0,67.0,1956.0,19.7,0.546,0.588,0.143,3.5,15.6,9.7,42.6,2.1,0.7,13.1,31.9,3.6,2.4,6.0,0.148,4.7,-0.1,4.6,3.3,43.0,37.0,80.0,0.5375,2026,,
Jalen Duren,22.0,DET,C,68.0,68.0,28.3,7.4,11.5,0.646,0.0,0.0,,7.4,11.5,0.646,0.646,4.6,6.2,0.745,3.8,6.8,10.6,1.9,0.8,0.9,1.9,2.8,19.5,22.0,C,68.0,68.0,1926.0,25.9,0.684,0.0,0.535,15.1,26.6,20.9,10.8,1.4,3.0,11.6,23.6,6.8,3.7,10.6,0.263,4.3,0.5,4.8,3.3,57.0,22.0,79.0,0.7215189873417721,2026,,
Kon Knueppel,20.0,CHO,SF,79.0,78.0,31.5,6.4,13.4,0.478,3.4,7.9,0.429,3.0,5.5,0.548,0.605,2.5,2.8,0.862,1.2,4.1,5.3,3.4,0.7,0.2,2.0,2.1,18.7,20.0,SF,79.0,78.0,2490.0,17.3,0.637,0.59,0.213,4.4,14.6,9.6,16.6,1.1,0.7,11.9,22.3,5.7,2.4,8.0,0.155,3.3,-0.4,2.9,3.1,43.0,37.0,80.0,0.5375,2026,,
DeMar DeRozan,36.0,SAC,PF,77.0,77.0,31.2,6.5,13.1,0.497,0.6,1.9,0.32,5.9,11.1,0.527,0.52,4.9,5.6,0.868,0.5,2.5,2.9,4.1,1.0,0.3,1.2,1.9,18.4,36.0,PF,77.0,77.0,2406.0,17.9,0.594,0.146,0.429,1.6,9.1,5.3,20.0,1.6,0.9,7.4,22.8,5.2,0.4,5.6,0.112,0.9,-1.0,-0.1,1.1,21.0,59.0,80.0,0.2625,2026,,
De'Aaron Fox,28.0,SAS,PG,69.0,69.0,31.0,7.0,14.4,0.488,1.8,5.4,0.329,5.2,9.0,0.583,0.549,2.6,3.4,0.755,0.6,3.1,3.7,6.1,1.2,0.3,2.3,2.3,18.4,28.0,PG,69.0,69.0,2136.0,17.5,0.579,0.374,0.239,2.1,10.6,6.5,29.4,1.9,0.8,12.6,24.8,3.1,3.0,6.1,0.137,1.4,0.7,2.1,2.3,60.0,19.0,79.0,0.759493670886076,2026,,
Scottie Barnes,24.0,TOR,PF,77.0,77.0,33.6,7.2,14.2,0.504,0.9,2.9,0.299,6.3,11.3,0.556,0.534,3.0,3.7,0.813,1.9,5.6,7.5,5.9,1.5,1.5,2.7,2.7,18.2,24.0,PF,77.0,77.0,2590.0,19.1,0.575,0.202,0.263,6.3,19.1,12.7,26.2,2.1,4.2,14.5,23.6,3.0,4.3,7.4,0.136,1.7,2.3,4.1,3.9,44.0,35.0,79.0,0.5569620253164557,2026,,
Evan Mobley,24.0,CLE,PF,63.0,61.0,32.0,7.2,13.2,0.548,1.0,3.3,0.301,6.3,9.9,0.629,0.585,2.8,4.6,0.606,2.4,6.5,8.9,3.7,0.8,1.7,1.9,2.5,18.2,24.0,PF,63.0,61.0,2017.0,20.1,0.599,0.248,0.345,8.1,22.4,15.3,16.9,1.1,5.1,10.9,22.4,3.6,2.8,6.4,0.153,1.9,1.2,3.2,2.6,50.0,29.0,79.0,0.6329113924050633,2026,,
Amen Thompson,23.0,HOU,PG,77.0,77.0,37.3,6.9,13.1,0.529,0.3,1.5,0.221,6.6,11.6,0.568,0.541,3.8,4.9,0.779,3.0,4.8,7.8,5.3,1.5,0.6,2.4,2.2,18.0,23.0,PG,77.0,77.0,2870.0,18.7,0.59,0.112,0.372,9.0,14.1,11.6,20.5,2.0,1.5,13.5,19.9,6.2,3.7,9.8,0.164,1.5,1.0,2.5,3.3,50.0,29.0,79.0,0.6329113924050633,2026,,
Saddiq Bey,26.0,NOP,SF,72.0,64.0,31.2,6.1,13.4,0.451,2.1,5.7,0.367,4.0,7.7,0.514,0.529,3.4,4.1,0.841,1.7,3.9,5.6,2.5,0.9,0.1,0.9,1.3,17.7,26.0,SF,72.0,64.0,2246.0,17.2,0.579,0.426,0.305,5.8,13.5,9.6,12.0,1.5,0.3,5.8,21.7,4.5,1.0,5.5,0.118,2.3,-1.8,0.5,1.4,26.0,54.0,80.0,0.325,2026,,
Miles Bridges,27.0,CHO,PF,75.0,75.0,31.2,6.3,13.7,0.461,2.0,5.9,0.335,4.3,7.8,0.554,0.532,2.7,3.3,0.826,1.0,4.9,5.9,3.2,0.6,0.4,1.4,1.7,17.3,27.0,PF,75.0,75.0,2340.0,16.1,0.571,0.427,0.241,3.7,17.3,10.6,15.9,1.0,1.3,8.6,22.5,3.9,2.4,6.4,0.131,1.3,-0.2,1.1,1.8,43.0,37.0,80.0,0.5375,2026,,
Ryan Rollins,23.0,MIL,PG,73.0,66.0,32.1,6.5,13.8,0.473,2.5,6.1,0.409,4.0,7.7,0.523,0.563,1.6,2.1,0.788,0.7,3.9,4.6,5.6,1.5,0.4,2.7,2.6,17.2,23.0,PG,73.0,66.0,2343.0,16.2,0.584,0.442,0.149,2.6,13.5,8.1,27.1,2.3,1.3,15.5,24.1,1.7,1.8,3.4,0.071,0.6,-0.5,0.2,1.3,31.0,48.0,79.0,0.3924050632911392,2026,,
OG Anunoby,28.0,NYK,PF,65.0,65.0,33.4,5.9,12.2,0.486,2.4,6.1,0.388,3.5,6.0,0.585,0.584,2.8,3.4,0.826,1.3,4.0,5.3,2.2,1.6,0.7,1.9,2.4,17.0,28.0,PF,65.0,65.0,2172.0,15.9,0.622,0.503,0.277,4.3,13.2,8.8,9.1,2.3,2.2,12.1,19.8,3.1,3.1,6.2,0.137,1.0,1.1,2.1,2.2,51.0,28.0,79.0,0.6455696202531646,2026,,
Chet Holmgren,23.0,OKC,PF,68.0,68.0,28.9,6.2,11.3,0.554,1.3,3.5,0.356,5.0,7.8,0.643,0.609,3.2,4.0,0.796,1.9,7.0,8.8,1.6,0.6,1.9,1.5,2.3,16.9,23.0,PF,68.0,68.0,1966.0,21.3,0.649,0.312,0.358,7.3,25.1,16.6,8.3,1.0,6.3,10.6,21.8,4.2,4.7,8.9,0.217,2.2,1.8,4.0,3.0,63.0,16.0,79.0,0.7974683544303798,2026,,
Payton Pritchard,28.0,BOS,PG,77.0,50.0,32.3,6.4,13.7,0.463,2.6,7.1,0.374,3.7,6.6,0.557,0.559,1.5,1.7,0.888,0.9,3.1,4.0,5.1,0.7,0.1,1.4,1.5,16.9,28.0,PG,77.0,50.0,2490.0,17.0,0.583,0.516,0.127,3.0,10.3,6.7,23.2,1.2,0.4,8.7,21.3,5.8,2.4,8.2,0.158,2.5,-0.3,2.2,2.6,54.0,25.0,79.0,0.6835443037974683,2026,,
Stephon Castle,21.0,SAS,PG,67.0,66.0,30.0,5.7,12.0,0.473,1.2,3.6,0.328,4.5,8.4,0.535,0.522,4.2,5.7,0.737,1.4,3.8,5.2,7.4,1.1,0.3,3.2,3.3,16.8,21.0,PG,67.0,66.0,2008.0,17.4,0.576,0.299,0.471,5.2,13.3,9.4,34.6,1.8,0.8,18.1,25.0,2.8,2.9,5.7,0.137,1.0,0.9,1.9,2.0,60.0,19.0,79.0,0.759493670886076,2026,,
Immanuel Quickley,26.0,TOR,PG,68.0,68.0,32.2,5.8,13.1,0.444,2.6,6.9,0.375,3.2,6.2,0.521,0.543,2.5,3.0,0.821,0.5,3.5,4.1,6.0,1.3,0.1,1.5,2.0,16.7,26.0,PG,68.0,68.0,2191.0,16.6,0.579,0.525,0.233,1.9,12.5,7.1,26.4,2.0,0.2,9.3,21.1,3.9,2.6,6.4,0.14,1.9,0.6,2.4,2.5,44.0,35.0,79.0,0.5569620253164557,2026,,
Derrick White,31.0,BOS,SG,75.0,75.0,34.3,5.8,14.5,0.397,2.7,8.3,0.33,3.0,6.2,0.487,0.491,2.4,2.7,0.9,1.1,3.3,4.5,5.4,1.1,1.3,1.8,1.6,16.7,31.0,SG,75.0,75.0,2572.0,16.3,0.531,0.574,0.184,3.7,10.5,7.1,22.4,1.7,3.9,10.2,22.1,3.6,3.4,7.0,0.131,2.3,1.0,3.3,3.5,54.0,25.0,79.0,0.6835443037974683,2026,,
Matas Buzelis,21.0,CHI,PF,76.0,76.0,29.2,5.8,12.4,0.465,2.3,6.4,0.356,3.5,6.1,0.58,0.557,2.4,3.1,0.787,1.0,4.8,5.8,2.0,0.7,1.5,2.1,2.3,16.3,21.0,PF,76.0,76.0,2222.0,14.9,0.59,0.514,0.248,3.7,17.2,10.5,10.3,1.1,4.4,13.0,22.7,0.6,2.1,2.6,0.057,-0.6,-0.4,-1.0,0.6,30.0,49.0,79.0,0.379746835443038,2026,,
VJ Edgecombe,20.0,PHI,SG,72.0,72.0,34.9,6.0,13.7,0.438,2.0,5.6,0.357,4.0,8.1,0.495,0.512,2.0,2.4,0.827,1.6,3.9,5.6,4.0,1.4,0.5,1.8,2.9,16.0,20.0,SG,72.0,72.0,2512.0,13.9,0.542,0.411,0.175,5.0,12.5,8.7,16.9,1.9,1.4,11.0,20.1,1.8,2.2,4.1,0.078,-0.4,-0.2,-0.6,0.9,43.0,36.0,79.0,0.5443037974683544,2026,,
Andrew Wiggins,30.0,MIA,SF,65.0,65.0,30.6,5.9,12.3,0.48,2.1,4.9,0.421,3.8,7.4,0.52,0.564,1.9,2.4,0.787,1.7,3.2,5.0,2.7,1.1,1.0,1.5,2.3,15.8,30.0,SF,65.0,65.0,1992.0,15.5,0.59,0.401,0.194,5.7,11.0,8.4,12.2,1.7,3.0,10.1,19.7,2.3,2.3,4.6,0.111,1.0,0.6,1.5,1.8,41.0,38.0,79.0,0.5189873417721519,2026,,
Jabari Smith Jr.,22.0,HOU,PF,75.0,75.0,35.1,5.7,12.6,0.45,2.3,6.3,0.366,3.4,6.3,0.534,0.542,2.1,2.6,0.782,1.4,5.5,6.9,1.9,0.7,0.9,1.3,2.5,15.7,22.0,PF,75.0,75.0,2632.0,13.6,0.571,0.502,0.208,4.6,17.1,10.9,7.5,1.1,2.4,8.9,18.2,3.4,3.2,6.5,0.119,-0.5,-0.1,-0.6,0.9,50.0,29.0,79.0,0.6329113924050633,2026,,
Onyeka Okongwu,25.0,ATL,C,72.0,61.0,31.1,5.6,11.7,0.479,2.0,5.3,0.377,3.6,6.5,0.562,0.564,2.1,2.8,0.758,1.9,5.8,7.7,3.2,1.1,1.1,1.8,3.3,15.3,25.0,C,72.0,61.0,2237.0,16.0,0.592,0.449,0.234,6.6,20.4,13.4,14.2,1.7,3.2,11.9,19.7,2.6,3.3,5.9,0.126,-0.1,0.9,0.8,1.6,45.0,34.0,79.0,0.569620253164557,2026,,
Naji Marshall,28.0,DAL,SF,74.0,47.0,29.5,5.7,11.1,0.51,0.8,2.9,0.291,4.8,8.2,0.587,0.548,3.1,4.1,0.76,0.9,3.8,4.7,3.3,1.1,0.1,1.6,1.9,15.2,28.0,SF,74.0,47.0,2184.0,15.4,0.592,0.259,0.365,3.2,13.6,8.4,16.5,1.8,0.2,11.1,20.6,2.5,1.9,4.4,0.096,-0.8,0.1,-0.6,0.7,25.0,54.0,79.0,0.31645569620253167,2026,,
Russell Westbrook,37.0,SAC,SF,64.0,58.0,29.0,5.6,13.1,0.427,2.0,5.9,0.338,3.6,7.2,0.5,0.503,2.0,2.9,0.694,1.3,4.2,5.4,6.7,1.3,0.2,3.3,2.3,15.2,37.0,SF,64.0,58.0,1853.0,15.1,0.528,0.452,0.218,4.7,16.7,10.5,34.3,2.2,0.6,18.5,25.9,-0.6,0.9,0.3,0.009,0.6,-1.1,-0.5,0.7,21.0,59.0,80.0,0.2625,2026,,
Jaime Jaquez Jr.,24.0,MIA,SF,72.0,1.0,28.3,6.1,12.2,0.498,0.7,2.4,0.298,5.3,9.8,0.547,0.527,2.3,3.0,0.771,1.3,3.8,5.1,4.7,0.7,0.3,2.0,1.8,15.1,24.0,SF,72.0,1.0,2035.0,15.4,0.561,0.195,0.245,4.7,14.0,9.3,23.9,1.2,0.9,13.1,22.3,1.8,2.0,3.8,0.089,0.0,0.0,0.0,1.0,41.0,38.0,79.0,0.5189873417721519,2026,,
Brice Sensabaugh,22.0,UTA,SF,74.0,22.0,23.6,5.3,11.4,0.46,2.1,5.9,0.366,3.1,5.6,0.559,0.554,2.2,2.6,0.831,0.8,2.3,3.1,1.9,0.7,0.2,1.6,1.9,14.9,22.0,SF,74.0,22.0,1749.0,14.4,0.59,0.512,0.23,3.4,11.0,7.1,12.5,1.4,0.7,11.5,24.8,1.0,0.0,1.0,0.028,0.3,-3.0,-2.7,-0.3,21.0,59.0,80.0,0.2625,2026,,
Jaden McDaniels,25.0,MIN,PF,71.0,71.0,31.9,5.6,10.9,0.518,1.4,3.4,0.421,4.2,7.5,0.562,0.584,2.1,2.5,0.839,1.0,3.2,4.2,2.7,1.1,1.0,1.8,3.4,14.8,25.0,PF,71.0,71.0,2262.0,14.0,0.617,0.313,0.225,3.7,10.8,7.3,12.3,1.7,2.7,13.2,18.2,2.6,2.8,5.4,0.114,-0.9,0.7,-0.2,1.1,47.0,32.0,79.0,0.5949367088607594,2026,,
Mikal Bridges,29.0,NYK,SF,79.0,79.0,33.3,5.9,12.0,0.488,1.9,5.2,0.369,3.9,6.8,0.579,0.568,1.0,1.2,0.825,1.0,2.9,3.9,3.7,1.3,0.8,1.0,2.0,14.7,29.0,SF,79.0,79.0,2628.0,15.3,0.584,0.434,0.102,3.3,9.8,6.5,15.8,2.0,2.4,7.6,17.4,4.5,3.3,7.8,0.142,1.2,1.4,2.6,3.0,51.0,28.0,79.0,0.6455696202531646,2026,,
Devin Vassell,25.0,SAS,SG,64.0,62.0,30.5,4.9,11.3,0.438,2.5,6.5,0.387,2.4,4.8,0.505,0.548,1.6,2.0,0.816,0.6,3.4,4.0,2.5,0.8,0.4,0.9,1.6,14.0,25.0,SG,64.0,62.0,1953.0,13.1,0.575,0.572,0.173,2.0,11.7,7.0,11.2,1.3,1.1,6.6,18.0,2.3,2.5,4.8,0.118,0.3,0.4,0.7,1.3,60.0,19.0,79.0,0.759493670886076,2026,,
John Collins,28.0,LAC,PF,66.0,54.0,27.4,5.3,9.6,0.555,1.3,3.2,0.413,4.0,6.4,0.626,0.624,1.7,2.3,0.772,1.6,3.7,5.3,1.0,0.9,0.8,1.3,2.7,13.7,28.0,PF,66.0,54.0,1810.0,16.4,0.648,0.336,0.235,6.8,15.2,11.2,5.7,1.6,2.6,11.3,19.3,2.8,1.8,4.6,0.122,0.2,-0.5,-0.3,0.8,41.0,38.0,79.0,0.5189873417721519,2026,,
Jeremiah Fears,19.0,NOP,PG,80.0,47.0,25.3,5.2,11.9,0.434,1.2,3.6,0.337,3.9,8.2,0.477,0.486,2.2,2.8,0.792,0.7,2.9,3.6,3.4,1.2,0.4,2.2,1.8,13.7,19.0,PG,80.0,47.0,2027.0,13.4,0.524,0.307,0.233,3.0,12.4,7.6,19.8,2.2,1.3,14.3,25.2,-0.9,1.4,0.5,0.011,-1.6,-1.3,-2.9,-0.5,26.0,54.0,80.0,0.325,2026,,
Bobby Portis,30.0,MIL,PF,67.0,9.0,24.2,5.5,11.2,0.488,2.0,4.4,0.456,3.4,6.8,0.509,0.578,0.7,1.0,0.706,1.3,5.1,6.4,1.6,0.6,0.2,1.0,1.6,13.7,30.0,PF,67.0,9.0,1619.0,17.1,0.587,0.395,0.091,6.3,23.5,14.9,10.4,1.2,0.7,7.8,23.1,1.6,1.3,2.8,0.084,1.5,-1.6,-0.1,0.8,31.0,48.0,79.0,0.3924050632911392,2026,,
Ace Bailey,19.0,UTA,SF,70.0,59.0,27.6,5.4,12.2,0.444,1.9,5.5,0.348,3.5,6.7,0.521,0.522,0.9,1.2,0.767,1.4,2.7,4.1,1.8,0.8,0.7,1.4,2.7,13.6,19.0,SF,70.0,59.0,1930.0,11.6,0.537,0.448,0.101,5.5,10.9,8.1,9.8,1.4,2.4,10.2,21.1,-0.2,0.2,0.0,0.0,-1.8,-2.5,-4.3,-1.1,21.0,59.0,80.0,0.2625,2026,,
Brandin Podziemski,22.0,GSW,SG,79.0,40.0,28.6,4.7,10.5,0.454,1.9,5.0,0.373,2.9,5.5,0.528,0.543,2.3,2.9,0.789,0.9,4.3,5.2,3.8,1.1,0.2,1.6,1.7,13.6,22.0,SG,79.0,40.0,2256.0,14.9,0.581,0.477,0.275,3.4,17.1,10.1,19.5,1.9,0.6,12.1,19.8,2.6,2.4,5.0,0.106,0.2,0.0,0.3,1.3,37.0,42.0,79.0,0.46835443037974683,2026,,
Naz Reid,26.0,MIN,C,76.0,2.0,26.1,5.1,11.3,0.455,2.1,5.8,0.363,3.0,5.5,0.552,0.548,1.2,1.6,0.733,1.2,5.0,6.2,2.2,1.0,1.0,1.6,2.6,13.6,26.0,C,76.0,2.0,1983.0,15.3,0.565,0.515,0.14,5.0,20.8,13.0,12.4,1.8,3.4,12.0,22.1,0.8,3.2,4.0,0.098,-0.2,1.0,0.8,1.4,47.0,32.0,79.0,0.5949367088607594,2026,,
Reed Sheppard,21.0,HOU,SG,79.0,20.0,26.4,5.0,11.5,0.432,2.8,7.0,0.396,2.2,4.5,0.489,0.553,0.9,1.1,0.81,0.4,2.6,2.9,3.4,1.5,0.7,1.5,2.1,13.6,21.0,SG,79.0,20.0,2084.0,15.7,0.567,0.608,0.092,1.5,10.7,6.1,18.7,2.9,2.3,11.4,21.6,2.7,3.0,5.7,0.131,1.2,1.5,2.7,2.5,50.0,29.0,79.0,0.6329113924050633,2026,,
Tim Hardaway Jr.,33.0,DEN,SG,78.0,5.0,26.7,4.3,9.7,0.448,2.8,6.8,0.409,1.6,2.9,0.54,0.592,2.0,2.5,0.813,0.2,2.4,2.6,1.3,0.5,0.1,0.6,1.3,13.5,33.0,SG,78.0,5.0,2080.0,13.5,0.625,0.704,0.255,1.0,9.5,5.4,6.8,1.0,0.4,4.9,18.5,3.4,0.9,4.3,0.099,1.2,-1.9,-0.7,0.7,51.0,28.0,79.0,0.6455696202531646,2026,,
Toumani Camara,25.0,POR,PF,79.0,79.0,33.2,4.8,10.8,0.442,2.7,7.2,0.371,2.1,3.6,0.585,0.566,1.2,1.7,0.708,1.6,3.6,5.2,2.4,1.1,0.4,1.8,2.9,13.4,25.0,PF,79.0,79.0,2625.0,11.4,0.582,0.667,0.161,5.1,12.0,8.5,10.3,1.6,1.1,13.5,16.3,2.0,2.5,4.5,0.083,-1.0,0.0,-1.0,0.6,40.0,39.0,79.0,0.5063291139240507,2026,,
Quentin Grimes,25.0,PHI,SG,72.0,19.0,29.7,4.5,10.0,0.451,1.7,5.1,0.331,2.8,4.9,0.577,0.535,2.6,3.2,0.837,0.6,3.1,3.7,3.3,0.9,0.4,1.8,2.1,13.4,25.0,SG,72.0,19.0,2135.0,12.9,0.586,0.512,0.315,2.3,11.4,6.8,15.8,1.4,1.2,13.6,18.8,1.9,1.5,3.4,0.076,-0.9,-0.7,-1.6,0.2,43.0,36.0,79.0,0.5443037974683544,2026,,
Kyle Kuzma,30.0,MIL,PF,68.0,43.0,26.3,4.9,10.1,0.491,1.2,3.5,0.345,3.7,6.6,0.568,0.55,2.0,2.7,0.724,0.8,3.8,4.6,2.6,0.7,0.4,1.7,2.0,13.1,30.0,PF,68.0,43.0,1785.0,14.2,0.579,0.347,0.27,3.6,16.0,9.9,15.2,1.3,1.6,12.9,21.8,0.9,1.1,2.0,0.053,-1.0,-1.2,-2.2,-0.1,31.0,48.0,79.0,0.3924050632911392,2026,,
Jaylon Tyson,23.0,CLE,SG,64.0,40.0,27.0,5.0,10.0,0.496,2.0,4.5,0.455,2.9,5.5,0.53,0.598,1.2,1.6,0.743,1.8,3.3,5.1,2.2,0.8,0.4,1.5,2.5,13.1,23.0,SG,64.0,40.0,1727.0,14.8,0.614,0.448,0.158,7.4,13.5,10.4,11.4,1.4,1.4,12.1,18.9,2.4,1.6,4.0,0.111,0.7,-0.5,0.2,0.9,50.0,29.0,79.0,0.6329113924050633,2026,,
Keldon Johnson,26.0,SAS,SF,79.0,0.0,23.3,5.0,9.6,0.52,1.2,3.3,0.369,3.8,6.3,0.6,0.584,1.8,2.3,0.793,1.6,3.7,5.3,1.4,0.6,0.1,0.8,2.0,13.0,26.0,SF,79.0,0.0,1837.0,17.1,0.614,0.343,0.236,7.8,16.6,12.3,8.5,1.1,0.5,7.4,20.7,3.7,2.5,6.1,0.16,1.1,-0.2,0.9,1.4,60.0,19.0,79.0,0.759493670886076,2026,,
Brandon Williams,26.0,DAL,PG,66.0,15.0,22.2,4.4,9.3,0.472,0.5,2.3,0.232,3.9,7.0,0.552,0.501,3.7,4.6,0.793,0.5,2.4,2.9,3.9,0.9,0.3,1.9,1.6,13.0,26.0,PG,66.0,15.0,1463.0,16.8,0.572,0.251,0.493,2.2,11.5,6.9,26.4,2.0,1.2,14.3,25.1,1.2,1.4,2.5,0.084,0.1,0.2,0.4,0.9,25.0,54.0,79.0,0.31645569620253167,2026,,
Collin Gillespie,26.0,PHO,PG,78.0,57.0,28.6,4.4,10.6,0.419,2.9,7.3,0.406,1.5,3.3,0.447,0.558,0.9,1.1,0.871,1.1,3.0,4.0,4.7,1.3,0.2,1.6,1.6,12.7,26.0,PG,78.0,57.0,2232.0,15.3,0.577,0.688,0.103,3.9,12.0,7.8,23.6,2.2,0.7,12.5,18.7,3.6,2.4,6.0,0.129,2.0,0.6,2.5,2.5,43.0,36.0,79.0,0.5443037974683544,2026,,
Jaylen Wells,22.0,MEM,SG,69.0,69.0,26.4,4.4,10.1,0.431,1.9,5.3,0.353,2.5,4.8,0.517,0.524,1.9,2.5,0.784,0.9,2.3,3.2,1.6,0.9,0.1,1.1,2.1,12.5,22.0,SG,69.0,69.0,1821.0,11.5,0.559,0.523,0.245,3.6,9.6,6.6,8.8,1.6,0.5,8.7,19.4,0.9,0.8,1.7,0.045,-1.7,-1.4,-3.1,-0.5,25.0,54.0,79.0,0.31645569620253167,2026,,
Noah Clowney,21.0,BRK,PF,66.0,60.0,27.0,3.8,9.6,0.396,2.0,5.9,0.329,1.8,3.6,0.506,0.498,2.7,3.4,0.804,0.8,3.3,4.1,1.6,0.8,0.7,1.5,2.5,12.3,21.0,PF,66.0,60.0,1780.0,11.3,0.554,0.621,0.355,3.2,15.3,8.9,9.5,1.4,2.3,12.3,20.4,0.0,1.2,1.2,0.031,-2.2,-1.1,-3.3,-0.6,20.0,59.0,79.0,0.25316455696202533,2026,,
Deandre Ayton,27.0,LAL,C,69.0,69.0,27.1,5.5,8.2,0.669,0.0,0.0,,5.5,8.2,0.669,0.669,1.2,1.9,0.632,2.6,5.5,8.0,0.8,0.6,0.9,1.2,2.2,12.2,27.0,C,69.0,69.0,1872.0,17.9,0.674,0.0,0.234,11.4,23.0,17.4,4.5,1.0,3.2,11.7,16.5,3.6,2.0,5.6,0.144,-0.1,-0.9,-1.0,0.5,50.0,29.0,79.0,0.6329113924050633,2026,,
Donte DiVincenzo,29.0,MIN,SG,79.0,79.0,30.8,4.2,10.3,0.404,3.0,7.9,0.378,1.2,2.4,0.492,0.55,0.9,1.3,0.758,0.8,3.3,4.2,3.9,1.3,0.4,1.5,2.4,12.2,29.0,SG,79.0,79.0,2436.0,12.4,0.566,0.769,0.122,3.1,11.7,7.4,16.9,2.0,1.2,12.0,16.8,2.2,3.0,5.2,0.102,-0.1,0.8,0.8,1.7,47.0,32.0,79.0,0.5949367088607594,2026,,
Maxime Raynaud,22.0,SAC,C,72.0,54.0,26.2,5.1,9.0,0.565,0.3,0.9,0.288,4.8,8.1,0.597,0.58,1.7,2.2,0.786,1.9,5.5,7.5,1.3,0.5,0.5,1.2,2.3,12.2,22.0,C,72.0,54.0,1887.0,15.8,0.611,0.102,0.245,8.0,24.4,15.9,7.5,0.9,1.8,10.9,18.2,2.4,0.9,3.3,0.084,-1.1,-1.7,-2.8,-0.4,21.0,59.0,80.0,0.2625,2026,,
Wendell Carter Jr.,26.0,ORL,C,75.0,75.0,29.5,4.3,8.3,0.516,1.0,3.0,0.324,3.3,5.3,0.623,0.574,2.6,3.2,0.8,2.1,5.3,7.4,2.0,0.8,0.6,1.3,3.5,12.1,26.0,C,75.0,75.0,2212.0,14.4,0.623,0.358,0.387,7.8,20.4,14.0,9.8,1.3,1.8,11.8,15.7,3.5,2.7,6.1,0.133,-0.9,0.4,-0.4,0.9,43.0,36.0,79.0,0.5443037974683544,2026,,
Max Christie,22.0,DAL,SG,74.0,65.0,29.3,4.1,9.4,0.439,2.3,5.8,0.399,1.8,3.6,0.502,0.561,1.6,1.8,0.902,0.2,3.1,3.3,2.0,0.6,0.3,1.3,1.3,12.1,22.0,SG,74.0,65.0,2168.0,10.8,0.597,0.613,0.19,0.7,11.1,6.0,9.3,1.0,0.9,11.1,16.4,1.1,1.4,2.5,0.055,-1.2,-0.5,-1.7,0.1,25.0,54.0,79.0,0.31645569620253167,2026,,
Donovan Clingan,21.0,POR,C,74.0,74.0,27.2,4.6,8.9,0.519,1.0,3.1,0.332,3.6,5.7,0.622,0.578,1.8,2.7,0.675,4.5,7.1,11.6,2.1,0.6,1.7,1.3,2.4,12.1,21.0,C,74.0,74.0,2014.0,20.7,0.6,0.354,0.305,17.8,28.5,23.1,11.3,1.0,5.5,11.2,16.9,4.8,3.3,8.0,0.192,2.2,0.6,2.7,2.4,40.0,39.0,79.0,0.5063291139240507,2026,,
Duncan Robinson,31.0,DET,SF,74.0,74.0,27.6,4.1,9.0,0.448,2.9,7.0,0.408,1.2,2.0,0.587,0.607,1.1,1.4,0.76,0.4,2.3,2.7,2.1,0.6,0.3,0.7,2.2,12.0,31.0,SF,74.0,74.0,2041.0,12.1,0.623,0.776,0.155,1.6,9.2,5.5,10.0,1.0,1.1,6.7,15.6,3.5,2.3,5.8,0.137,0.7,-0.1,0.6,1.4,57.0,22.0,79.0,0.7215189873417721,2026,,
Josh Hart,30.0,NYK,SF,64.0,50.0,30.1,4.5,9.0,0.506,1.5,3.7,0.406,3.1,5.3,0.575,0.589,1.3,1.9,0.723,1.5,6.1,7.5,4.9,1.1,0.3,1.9,2.5,11.9,30.0,SF,64.0,50.0,1929.0,15.8,0.608,0.407,0.207,5.3,22.5,13.9,22.0,1.8,0.9,16.4,16.6,3.1,2.9,6.0,0.149,1.0,2.0,3.0,2.4,51.0,28.0,79.0,0.6455696202531646,2026,,
Myles Turner,29.0,MIL,C,70.0,70.0,26.9,4.0,9.1,0.438,2.1,5.4,0.385,1.9,3.7,0.516,0.553,1.9,2.5,0.744,1.1,4.3,5.3,1.4,0.7,1.6,1.2,2.6,11.9,29.0,C,70.0,70.0,1885.0,14.1,0.585,0.597,0.277,4.5,17.7,11.2,7.6,1.3,5.8,10.4,18.7,1.2,1.8,3.0,0.076,-0.9,0.0,-1.0,0.5,31.0,48.0,79.0,0.3924050632911392,2026,,
Dyson Daniels,22.0,ATL,SG,74.0,74.0,33.2,5.3,10.2,0.517,0.3,1.5,0.186,5.0,8.7,0.575,0.531,1.0,1.6,0.619,2.4,4.4,6.8,5.8,2.0,0.4,1.8,2.1,11.8,22.0,SG,74.0,74.0,2457.0,15.4,0.542,0.149,0.156,7.7,14.6,11.1,23.6,2.8,1.1,14.1,16.0,2.9,3.5,6.4,0.125,-0.6,1.8,1.1,1.9,45.0,34.0,79.0,0.569620253164557,2026,,
Dylan Harper,19.0,SAS,SG,66.0,2.0,22.4,4.8,9.5,0.508,0.9,2.6,0.345,3.9,6.8,0.571,0.556,1.3,1.7,0.743,0.7,2.6,3.3,3.9,0.8,0.3,1.4,2.0,11.8,19.0,SG,66.0,2.0,1481.0,16.3,0.577,0.279,0.181,3.7,12.2,8.0,25.1,1.7,1.3,12.1,21.8,2.0,2.1,4.1,0.133,0.4,1.1,1.5,1.3,60.0,19.0,79.0,0.759493670886076,2026,,
Nic Claxton,26.0,BRK,C,69.0,68.0,27.8,4.8,8.4,0.571,0.0,0.3,0.158,4.8,8.2,0.585,0.574,2.0,3.3,0.616,2.4,4.5,6.9,3.7,0.7,1.1,1.4,2.3,11.7,26.0,C,69.0,68.0,1920.0,17.6,0.592,0.033,0.393,9.7,19.8,14.5,21.8,1.2,3.7,12.3,17.7,3.3,1.6,4.9,0.123,0.3,0.6,1.0,1.4,20.0,59.0,79.0,0.25316455696202533,2026,,
Klay Thompson,35.0,DAL,SF,68.0,8.0,21.9,4.1,10.6,0.393,2.9,7.6,0.382,1.2,2.9,0.42,0.531,0.5,0.7,0.766,0.3,1.8,2.1,1.4,0.5,0.3,0.9,1.0,11.7,35.0,SF,68.0,8.0,1487.0,11.3,0.54,0.721,0.065,1.3,8.8,5.1,9.5,1.0,1.3,7.9,22.6,-0.4,0.9,0.5,0.017,0.1,-1.5,-1.5,0.2,25.0,54.0,79.0,0.31645569620253167,2026,,
Jarace Walker,22.0,IND,PF,74.0,39.0,25.6,4.0,9.5,0.42,1.7,4.6,0.372,2.3,4.9,0.465,0.511,1.8,2.4,0.756,0.6,4.5,5.1,2.5,0.8,0.3,1.8,1.6,11.5,22.0,PF,74.0,39.0,1895.0,11.5,0.545,0.488,0.25,2.6,19.6,10.9,13.9,1.5,1.1,14.7,20.6,-1.0,1.4,0.4,0.01,-1.8,-0.8,-2.6,-0.3,18.0,61.0,79.0,0.22784810126582278,2026,,
Kyle Filipowski,22.0,UTA,C,77.0,41.0,23.4,4.2,8.5,0.492,1.0,3.0,0.325,3.2,5.6,0.58,0.548,2.1,2.8,0.75,1.9,5.3,7.2,2.6,0.9,0.5,1.6,3.0,11.4,22.0,C,77.0,41.0,1801.0,16.1,0.586,0.347,0.323,8.5,25.2,16.6,15.8,1.9,2.1,14.3,20.0,1.8,1.2,3.0,0.08,-0.6,-0.6,-1.2,0.4,21.0,59.0,80.0,0.2625,2026,,
Rui Hachimura,27.0,LAL,PF,65.0,38.0,28.3,4.5,8.7,0.513,1.7,3.8,0.436,2.8,4.8,0.575,0.61,0.7,1.0,0.698,0.6,2.7,3.3,0.8,0.5,0.3,0.6,1.6,11.3,27.0,PF,65.0,38.0,1837.0,11.4,0.618,0.442,0.112,2.6,10.7,6.8,4.0,0.9,1.1,6.3,15.0,1.9,0.9,2.8,0.074,-0.8,-1.6,-2.4,-0.2,50.0,29.0,79.0,0.6329113924050633,2026,,
Pelle Larsson,24.0,MIA,SG,68.0,53.0,26.3,3.9,7.9,0.495,0.9,2.7,0.321,3.0,5.2,0.587,0.55,2.6,3.3,0.794,1.0,2.5,3.5,3.4,0.7,0.2,1.4,2.1,11.3,24.0,SG,68.0,53.0,1790.0,13.1,0.605,0.344,0.417,3.9,9.9,6.9,16.9,1.2,0.8,13.3,16.6,2.5,1.5,4.0,0.107,-1.2,0.1,-1.1,0.4,41.0,38.0,79.0,0.5189873417721519,2026,,
Derik Queen,21.0,NOP,C,79.0,46.0,24.6,4.2,8.9,0.473,0.3,1.1,0.262,3.9,7.9,0.502,0.489,2.6,3.2,0.793,1.6,5.2,6.8,3.7,1.0,0.9,2.3,2.6,11.3,21.0,C,79.0,46.0,1943.0,15.6,0.545,0.119,0.363,7.0,23.1,15.0,21.4,2.0,3.4,18.4,21.6,0.3,2.2,2.5,0.062,-1.6,0.7,-0.9,0.5,26.0,54.0,80.0,0.325,2026,,
Julian Champagnie,24.0,SAS,SF,79.0,65.0,27.7,3.7,8.5,0.437,2.4,6.4,0.384,1.3,2.1,0.596,0.582,1.4,1.7,0.841,0.9,4.9,5.8,1.5,0.8,0.4,0.9,1.6,11.2,24.0,SF,79.0,65.0,2187.0,13.1,0.612,0.751,0.198,3.6,18.5,11.3,7.3,1.3,1.3,8.6,15.3,2.8,3.3,6.1,0.133,0.6,0.9,1.4,1.9,60.0,19.0,79.0,0.759493670886076,2026,,
Sandro Mamukelashvili,26.0,TOR,C,77.0,13.0,21.9,4.1,7.9,0.522,1.4,3.7,0.387,2.7,4.2,0.639,0.612,1.5,2.0,0.75,1.4,3.6,4.9,1.9,0.8,0.5,0.8,1.9,11.2,26.0,C,77.0,13.0,1690.0,18.1,0.636,0.465,0.249,6.9,18.6,12.7,12.3,1.8,2.3,8.5,18.8,3.5,2.4,5.9,0.169,2.0,0.7,2.7,2.0,44.0,35.0,79.0,0.5569620253164557,2026,,
Cam Spencer,25.0,MEM,SG,72.0,20.0,23.8,3.7,7.7,0.473,2.0,4.5,0.449,1.6,3.2,0.506,0.604,1.8,1.9,0.94,0.6,2.0,2.5,5.6,0.7,0.2,1.3,1.4,11.1,25.0,SG,72.0,20.0,1714.0,17.2,0.649,0.585,0.241,2.5,9.2,5.8,33.1,1.4,0.6,13.1,17.2,4.8,0.6,5.4,0.151,3.1,-0.9,2.2,1.8,25.0,54.0,79.0,0.31645569620253167,2026,,
Kel'el Ware,21.0,MIA,C,74.0,32.0,22.2,4.5,8.5,0.527,1.1,3.0,0.385,3.3,5.5,0.605,0.595,1.0,1.3,0.755,2.9,6.2,9.1,0.7,0.8,1.1,0.8,1.6,11.0,21.0,C,74.0,32.0,1642.0,20.0,0.611,0.353,0.15,13.3,29.2,21.2,4.4,1.6,4.5,8.2,18.0,3.0,3.0,6.0,0.174,1.9,0.2,2.1,1.7,41.0,38.0,79.0,0.5189873417721519,2026,,
Rudy Gobert,33.0,MIN,C,76.0,76.0,31.3,4.4,6.5,0.682,0.0,0.1,0.0,4.4,6.4,0.689,0.682,2.1,4.0,0.526,3.9,7.5,11.5,1.7,0.8,1.6,1.4,2.6,10.9,33.0,C,76.0,76.0,2380.0,17.6,0.664,0.01,0.615,14.0,25.9,20.1,7.3,1.2,4.6,14.5,12.9,4.8,4.1,8.9,0.179,0.0,1.0,1.0,1.8,47.0,32.0,79.0,0.5949367088607594,2026,,
Isaiah Joe,26.0,OKC,SG,70.0,9.0,21.2,3.4,7.6,0.451,2.5,6.0,0.42,0.9,1.6,0.566,0.617,1.5,1.7,0.89,0.5,2.1,2.6,1.3,0.7,0.2,0.6,1.7,10.9,26.0,SG,70.0,9.0,1485.0,15.2,0.652,0.788,0.221,2.5,10.2,6.5,8.5,1.6,0.7,7.1,18.4,3.0,2.4,5.4,0.175,1.8,0.6,2.3,1.6,63.0,16.0,79.0,0.7974683544303798,2026,,
Bub Carrington,20.0,WAS,PG,79.0,45.0,27.5,3.7,8.8,0.418,2.0,5.0,0.393,1.7,3.8,0.451,0.529,1.0,1.3,0.726,0.4,3.0,3.4,4.6,0.6,0.2,2.3,2.2,10.3,20.0,PG,79.0,45.0,2175.0,9.6,0.548,0.564,0.152,1.6,12.0,6.7,22.8,1.1,0.6,19.6,17.8,-0.5,-0.1,-0.6,-0.012,-2.4,-2.5,-4.8,-1.6,17.0,62.0,79.0,0.21518987341772153,2026,,
Neemias Queta,26.0,BOS,C,74.0,73.0,25.5,4.3,6.6,0.651,0.0,0.1,0.0,4.3,6.5,0.66,0.651,1.6,2.3,0.699,3.0,5.3,8.3,1.6,0.8,1.3,1.0,2.8,10.3,26.0,C,74.0,73.0,1889.0,20.1,0.67,0.014,0.353,13.2,22.5,17.9,9.1,1.6,5.3,11.6,14.7,5.2,3.5,8.7,0.221,0.7,1.9,2.7,2.2,54.0,25.0,79.0,0.6835443037974683,2026,,
Will Riley,19.0,WAS,SF,71.0,16.0,21.6,3.6,8.0,0.447,1.1,3.2,0.33,2.5,4.8,0.525,0.513,1.9,2.4,0.795,0.8,2.0,2.7,1.9,0.7,0.1,1.2,1.2,10.1,19.0,SF,71.0,16.0,1532.0,12.4,0.559,0.4,0.301,3.7,10.0,6.8,12.4,1.5,0.3,11.8,19.9,0.7,0.0,0.6,0.02,-1.7,-2.6,-4.2,-0.9,17.0,62.0,79.0,0.21518987341772153,2026,,
Tristan Da Silva,24.0,ORL,SF,74.0,34.0,24.8,3.6,8.1,0.449,1.6,4.2,0.379,2.1,3.9,0.524,0.547,1.1,1.3,0.882,0.8,2.9,3.7,1.5,0.9,0.3,0.9,1.6,10.0,24.0,SF,74.0,34.0,1835.0,12.0,0.576,0.517,0.155,3.4,13.3,8.3,8.9,1.8,1.2,9.5,16.3,1.2,1.9,3.1,0.082,-0.7,0.1,-0.7,0.6,43.0,36.0,79.0,0.5443037974683544,2026,,
Precious Achiuwa,26.0,SAC,C,71.0,55.0,23.7,4.3,8.0,0.535,0.4,1.3,0.3,3.9,6.7,0.579,0.559,1.0,1.8,0.548,2.4,4.3,6.7,1.3,0.9,0.7,0.9,1.7,9.9,26.0,C,71.0,55.0,1685.0,16.2,0.565,0.158,0.222,11.1,20.7,15.8,8.1,1.8,2.6,9.0,17.3,1.8,1.1,2.9,0.083,-0.5,-1.1,-1.6,0.2,21.0,59.0,80.0,0.2625,2026,,
Harrison Barnes,33.0,SAS,PF,74.0,52.0,25.8,3.4,7.4,0.452,1.8,4.7,0.389,1.5,2.8,0.559,0.574,1.3,1.6,0.828,0.8,2.0,2.8,1.9,0.6,0.2,0.8,1.1,9.9,33.0,PF,74.0,52.0,1906.0,11.8,0.605,0.63,0.211,3.6,8.0,5.9,9.8,1.2,0.6,8.8,14.6,2.6,2.1,4.7,0.118,-0.1,0.2,0.1,1.0,60.0,19.0,79.0,0.759493670886076,2026,,
A.J. Green,26.0,MIL,SG,75.0,65.0,28.8,3.2,7.7,0.417,2.8,6.9,0.411,0.4,0.8,0.475,0.602,0.7,0.8,0.847,0.3,2.3,2.7,1.9,0.5,0.1,1.0,2.3,9.9,26.0,SG,75.0,65.0,2162.0,8.9,0.617,0.897,0.103,1.3,9.0,5.2,9.1,0.8,0.4,10.7,13.8,1.6,0.4,2.0,0.044,-1.8,-1.8,-3.6,-0.9,31.0,48.0,79.0,0.3924050632911392,2026,,
Ausar Thompson,23.0,DET,SF,70.0,69.0,26.1,4.2,8.0,0.521,0.1,0.3,0.261,4.1,7.7,0.532,0.526,1.5,2.6,0.565,2.1,3.7,5.8,3.1,2.0,0.9,1.5,2.7,9.9,23.0,SF,70.0,69.0,1825.0,16.0,0.541,0.041,0.329,9.1,15.6,12.4,15.9,3.7,3.5,14.2,17.0,1.3,4.0,5.3,0.14,-0.7,3.5,2.8,2.2,57.0,22.0,79.0,0.7215189873417721,2026,,
Royce O'Neale,32.0,PHO,SF,76.0,67.0,28.5,3.3,8.0,0.418,2.7,6.7,0.406,0.6,1.3,0.475,0.587,0.3,0.5,0.722,0.8,4.0,4.8,2.7,1.1,0.4,1.3,2.3,9.7,32.0,SF,76.0,67.0,2168.0,11.4,0.593,0.834,0.059,2.8,16.1,9.2,12.8,1.8,1.4,14.1,14.2,1.7,2.6,4.3,0.096,-0.4,0.9,0.4,1.3,43.0,36.0,79.0,0.5443037974683544,2026,,
Zaccharie Risacher,20.0,ATL,SF,65.0,45.0,22.5,3.7,8.0,0.457,1.4,3.9,0.373,2.2,4.1,0.535,0.547,0.9,1.4,0.636,1.0,2.7,3.8,1.1,0.9,0.5,0.8,2.2,9.6,20.0,SF,65.0,45.0,1461.0,11.8,0.559,0.484,0.169,5.0,13.3,9.1,6.7,1.8,2.2,8.9,17.6,0.5,1.8,2.3,0.075,-2.2,-0.2,-2.4,-0.2,45.0,34.0,79.0,0.569620253164557,2026,,
Jay Huff,27.0,IND,C,79.0,47.0,20.8,3.5,7.4,0.473,1.5,4.6,0.319,2.1,2.9,0.715,0.571,1.0,1.2,0.819,0.9,3.0,3.8,1.4,0.5,1.8,0.9,2.3,9.5,27.0,C,79.0,47.0,1646.0,15.0,0.594,0.612,0.16,4.5,16.0,10.1,10.1,1.2,7.3,10.1,18.1,1.2,1.7,2.9,0.084,-0.8,1.1,0.2,0.9,18.0,61.0,79.0,0.22784810126582278,2026,,
Daniss Jenkins,24.0,DET,PG,69.0,19.0,20.3,3.3,7.9,0.418,1.0,2.7,0.383,2.3,5.2,0.436,0.484,1.8,2.2,0.824,0.7,1.5,2.2,3.8,0.9,0.2,1.6,1.5,9.5,24.0,PG,69.0,19.0,1398.0,13.7,0.533,0.344,0.28,4.0,8.4,6.2,25.9,2.1,1.0,15.1,21.5,1.0,1.9,2.9,0.101,-0.5,0.1,-0.4,0.6,57.0,22.0,79.0,0.7215189873417721,2026,,
Isaac Okoro,25.0,CHI,SG,63.0,62.0,26.9,3.3,7.3,0.46,1.2,3.5,0.33,2.2,3.8,0.58,0.539,1.4,1.8,0.795,1.1,1.7,2.7,1.6,0.7,0.5,0.7,2.6,9.3,25.0,SG,63.0,62.0,1695.0,9.8,0.574,0.481,0.244,4.4,6.4,5.4,7.8,1.3,1.5,8.3,13.7,1.4,0.7,2.2,0.062,-3.0,-0.8,-3.8,-0.8,30.0,49.0,79.0,0.379746835443038,2026,,
Gui Santos,23.0,GSW,PF,66.0,29.0,20.5,3.4,6.7,0.505,1.2,3.3,0.352,2.2,3.4,0.653,0.591,1.3,1.8,0.729,1.1,2.8,3.9,2.3,0.9,0.3,1.5,2.0,9.3,23.0,PF,66.0,29.0,1352.0,14.3,0.616,0.493,0.266,5.7,15.5,10.5,16.3,2.1,1.5,16.9,18.7,1.2,1.5,2.7,0.095,-0.8,0.4,-0.4,0.6,37.0,42.0,79.0,0.46835443037974683,2026,,
Davion Mitchell,27.0,MIA,PG,68.0,68.0,28.5,3.7,7.6,0.481,1.3,3.3,0.391,2.4,4.3,0.549,0.566,0.6,0.9,0.672,0.5,2.2,2.7,6.5,1.0,0.2,1.5,2.6,9.2,27.0,PG,68.0,68.0,1937.0,12.0,0.575,0.434,0.118,1.6,8.0,4.8,29.4,1.6,0.5,16.0,13.6,2.5,1.7,4.1,0.102,-1.4,0.5,-0.9,0.5,41.0,38.0,79.0,0.5189873417721519,2026,,
Sam Hauser,28.0,BOS,PF,76.0,47.0,24.7,3.2,7.6,0.417,2.5,6.4,0.387,0.7,1.3,0.568,0.578,0.2,0.3,0.85,0.7,3.1,3.8,1.4,0.5,0.3,0.5,1.4,9.1,28.0,PF,76.0,47.0,1875.0,11.8,0.584,0.836,0.034,3.3,13.5,8.6,7.6,1.0,1.2,5.6,14.5,2.6,2.1,4.7,0.12,0.4,0.0,0.4,1.2,54.0,25.0,79.0,0.6835443037974683,2026,,
Jordan Goodwin,27.0,PHO,PG,69.0,9.0,22.6,3.3,7.9,0.412,1.6,4.3,0.366,1.7,3.6,0.468,0.512,0.6,0.8,0.696,2.0,2.9,4.9,2.2,1.5,0.2,1.0,1.9,8.7,27.0,PG,69.0,9.0,1559.0,14.6,0.524,0.544,0.102,9.4,14.9,12.0,13.6,3.3,0.9,10.6,17.4,1.4,2.3,3.7,0.115,0.2,1.4,1.6,1.4,43.0,36.0,79.0,0.5443037974683544,2026,,
Cason Wallace,22.0,OKC,SG,76.0,58.0,26.6,3.3,7.6,0.434,1.3,3.7,0.353,2.0,3.9,0.512,0.521,0.7,0.9,0.809,0.8,2.3,3.1,2.6,2.0,0.4,0.9,2.0,8.6,22.0,SG,76.0,58.0,2025.0,12.3,0.54,0.49,0.118,3.5,8.9,6.3,12.8,3.6,1.3,10.5,14.5,1.1,4.3,5.4,0.129,-2.0,3.3,1.4,1.7,63.0,16.0,79.0,0.7974683544303798,2026,,
Cody Williams,21.0,UTA,SG,65.0,39.0,24.0,3.5,7.4,0.475,0.4,1.9,0.211,3.1,5.5,0.566,0.502,1.2,1.7,0.708,0.9,2.0,3.0,1.9,0.8,0.4,1.1,1.8,8.6,21.0,SG,65.0,39.0,1558.0,9.8,0.531,0.257,0.236,4.1,9.4,6.7,11.1,1.5,1.6,11.7,15.8,0.1,0.0,0.2,0.005,-3.5,-2.0,-5.5,-1.4,21.0,59.0,80.0,0.2625,2026,,
Luguentz Dort,26.0,OKC,SF,66.0,66.0,27.1,3.0,7.7,0.387,1.9,5.4,0.343,1.1,2.2,0.493,0.508,0.7,0.9,0.759,0.8,2.8,3.6,1.3,0.9,0.4,0.8,2.7,8.5,26.0,SF,66.0,66.0,1788.0,8.2,0.525,0.708,0.114,3.5,10.6,7.2,6.0,1.5,1.5,9.2,14.2,0.0,3.0,3.0,0.081,-2.7,0.8,-1.9,0.1,63.0,16.0,79.0,0.7974683544303798,2026,,
Draymond Green,35.0,GSW,PF,66.0,66.0,27.6,3.1,7.4,0.417,1.5,4.7,0.326,1.6,2.7,0.572,0.52,0.8,1.2,0.688,0.8,4.8,5.5,5.5,0.9,0.6,2.6,2.9,8.5,35.0,PF,66.0,66.0,1823.0,10.4,0.537,0.63,0.164,3.1,19.5,11.2,27.1,1.6,2.1,25.0,16.2,-0.4,2.1,1.7,0.045,-2.4,1.1,-1.3,0.3,37.0,42.0,79.0,0.46835443037974683,2026,,
Jake LaRavia,24.0,LAL,PF,79.0,41.0,25.0,2.9,6.5,0.453,0.9,3.0,0.312,2.0,3.5,0.575,0.525,1.5,1.9,0.763,1.4,2.5,3.9,1.7,1.2,0.5,1.1,2.4,8.3,24.0,PF,79.0,41.0,1975.0,11.8,0.565,0.463,0.297,6.9,11.5,9.3,9.2,2.4,1.7,12.5,14.6,1.5,1.9,3.4,0.083,-1.7,0.3,-1.5,0.3,50.0,29.0,79.0,0.6329113924050633,2026,,
Nique Clifford,23.0,SAC,SG,73.0,26.0,24.7,3.2,7.8,0.411,1.0,3.1,0.335,2.2,4.7,0.461,0.477,0.8,1.2,0.69,0.9,2.8,3.7,2.3,0.9,0.3,1.5,2.1,8.2,23.0,SG,73.0,26.0,1805.0,8.7,0.496,0.394,0.148,3.9,13.1,8.3,12.7,1.8,1.2,15.1,16.8,-1.3,0.6,-0.7,-0.018,-3.9,-1.1,-5.0,-1.4,21.0,59.0,80.0,0.2625,2026,,
Brook Lopez,37.0,LAC,C,72.0,37.0,21.5,3.0,7.0,0.424,1.5,4.1,0.354,1.5,2.9,0.524,0.528,0.8,1.0,0.775,0.6,2.9,3.5,1.3,0.6,1.2,0.8,2.0,8.2,37.0,C,72.0,37.0,1546.0,12.2,0.548,0.586,0.14,3.2,15.5,9.5,8.6,1.4,5.3,9.6,17.1,0.5,1.8,2.2,0.069,-1.5,0.5,-0.9,0.4,41.0,38.0,79.0,0.5189873417721519,2026,,
Gary Trent Jr.,27.0,MIL,SG,64.0,21.0,21.2,2.8,7.2,0.39,1.9,5.2,0.368,0.9,2.0,0.449,0.524,0.6,0.8,0.765,0.1,0.9,1.0,1.2,0.5,0.0,0.6,1.3,8.2,27.0,SG,64.0,21.0,1358.0,8.3,0.54,0.725,0.111,0.7,4.9,2.8,8.0,1.2,0.2,7.5,17.0,-0.1,0.2,0.1,0.005,-3.0,-2.1,-5.1,-1.1,31.0,48.0,79.0,0.3924050632911392,2026,,
Dominick Barlow,22.0,PHI,PF,68.0,59.0,23.9,3.1,5.7,0.545,0.3,1.2,0.259,2.8,4.5,0.621,0.572,1.3,1.9,0.717,1.9,2.9,4.8,1.3,0.9,0.7,0.8,2.1,7.9,22.0,PF,68.0,59.0,1626.0,13.4,0.603,0.209,0.328,8.7,13.4,11.0,7.2,1.7,2.8,11.0,12.9,2.2,1.6,3.8,0.111,-1.3,0.2,-1.1,0.4,43.0,36.0,79.0,0.5443037974683544,2026,,
Moussa Diabaté,24.0,CHO,C,71.0,45.0,26.0,3.2,5.0,0.629,0.0,0.0,0.5,3.1,5.0,0.63,0.631,1.6,2.4,0.663,3.8,5.0,8.7,1.9,0.8,1.0,1.0,2.4,7.9,24.0,C,71.0,45.0,1848.0,17.3,0.652,0.006,0.483,16.6,21.2,19.0,10.1,1.5,3.4,14.3,11.5,4.5,2.7,7.2,0.188,0.4,1.2,1.6,1.7,43.0,37.0,80.0,0.5375,2026,,
Bruce Brown,29.0,DEN,SG,79.0,2.0,24.3,2.9,6.3,0.466,0.7,1.8,0.385,2.2,4.5,0.499,0.521,1.2,1.5,0.769,1.1,2.7,3.8,2.0,1.0,0.2,1.1,2.4,7.7,29.0,SG,79.0,2.0,1918.0,10.5,0.555,0.287,0.243,5.1,12.1,8.8,10.9,2.0,0.9,13.4,14.4,1.0,1.6,2.6,0.066,-2.7,0.0,-2.7,-0.3,51.0,28.0,79.0,0.6455696202531646,2026,,
Ryan Kalkbrenner,24.0,CHO,C,67.0,31.0,21.4,3.2,4.3,0.748,0.0,0.1,0.0,3.2,4.2,0.762,0.748,1.2,1.7,0.708,2.4,3.1,5.5,0.8,0.5,1.5,0.9,1.6,7.6,24.0,C,67.0,31.0,1436.0,18.0,0.757,0.017,0.395,13.0,15.9,14.5,5.1,1.1,6.4,14.9,11.6,3.5,2.0,5.5,0.185,0.5,1.3,1.8,1.4,43.0,37.0,80.0,0.5375,2026,,
Kris Dunn,31.0,LAC,PG,79.0,65.0,27.3,2.8,5.8,0.481,1.0,2.6,0.38,1.8,3.3,0.56,0.565,0.8,1.0,0.765,0.7,2.6,3.3,3.6,1.6,0.2,1.3,2.3,7.4,31.0,PG,79.0,65.0,2154.0,11.6,0.587,0.444,0.175,3.2,10.9,7.1,17.9,3.0,0.6,17.6,12.4,1.8,2.3,4.1,0.091,-2.2,1.5,-0.6,0.7,41.0,38.0,79.0,0.5189873417721519,2026,,
Ja'Kobe Walter,21.0,TOR,SG,69.0,18.0,20.2,2.5,5.6,0.442,1.5,3.7,0.401,1.0,1.9,0.519,0.573,1.0,1.2,0.798,0.8,1.8,2.6,1.2,1.0,0.2,0.5,2.3,7.4,21.0,SG,69.0,18.0,1395.0,11.8,0.602,0.655,0.218,4.5,10.2,7.3,7.7,2.4,0.9,7.7,14.0,1.7,1.8,3.5,0.119,-1.5,1.1,-0.5,0.5,44.0,35.0,79.0,0.5569620253164557,2026,,
Terance Mann,29.0,BRK,SG,63.0,51.0,24.3,2.7,5.8,0.457,0.9,2.4,0.364,1.8,3.4,0.523,0.533,1.0,1.3,0.788,1.1,2.1,3.2,3.0,0.7,0.2,1.1,2.5,7.2,29.0,SG,63.0,51.0,1529.0,10.3,0.564,0.418,0.217,5.1,10.4,7.6,18.6,1.3,0.9,15.0,13.5,1.2,0.7,1.9,0.058,-2.7,-0.7,-3.4,-0.5,20.0,59.0,79.0,0.25316455696202533,2026,,
Ben Sheppard,24.0,IND,SG,65.0,20.0,21.4,2.6,6.0,0.434,1.3,3.6,0.362,1.3,2.4,0.542,0.543,0.6,0.8,0.765,0.7,2.3,3.0,1.8,0.6,0.1,0.6,1.8,7.1,24.0,SG,65.0,20.0,1390.0,9.8,0.561,0.599,0.132,3.3,12.2,7.7,11.3,1.3,0.4,9.1,13.8,0.8,0.6,1.4,0.048,-2.4,-0.6,-3.0,-0.4,18.0,61.0,79.0,0.22784810126582278,2026,,
Jamal Shead,23.0,TOR,PG,79.0,11.0,22.6,2.2,6.1,0.365,1.0,3.2,0.319,1.2,2.9,0.416,0.448,1.2,1.5,0.784,0.3,1.5,1.8,5.5,0.9,0.2,1.4,2.0,6.7,23.0,PG,79.0,11.0,1783.0,10.7,0.491,0.524,0.239,1.6,7.4,4.5,31.2,2.0,0.8,16.8,15.5,0.8,1.9,2.7,0.073,-2.2,0.0,-2.2,-0.1,44.0,35.0,79.0,0.5569620253164557,2026,,
Will Richard,23.0,GSW,SG,67.0,21.0,20.2,2.4,5.1,0.474,1.1,3.1,0.341,1.4,2.0,0.679,0.577,0.7,0.8,0.852,1.0,1.5,2.5,1.4,1.2,0.1,0.8,1.9,6.6,23.0,SG,67.0,21.0,1354.0,11.2,0.603,0.608,0.158,5.3,8.6,6.9,9.3,2.8,0.5,12.7,13.1,1.2,1.4,2.6,0.092,-2.4,0.9,-1.6,0.1,37.0,42.0,79.0,0.46835443037974683,2026,,
Oso Ighodaro,23.0,PHO,PF,79.0,23.0,22.2,2.9,4.5,0.654,0.0,0.0,0.0,2.9,4.5,0.656,0.654,0.6,1.4,0.451,1.7,3.4,5.1,2.3,0.9,0.7,1.2,2.7,6.5,23.0,PF,79.0,23.0,1756.0,13.7,0.637,0.003,0.317,8.1,17.5,12.7,14.1,2.1,2.9,19.5,12.2,2.0,2.5,4.5,0.123,-2.2,2.2,0.0,0.9,43.0,36.0,79.0,0.5443037974683544,2026,,
Luke Kornet,30.0,SAS,C,66.0,24.0,21.0,2.6,4.0,0.64,0.0,0.0,,2.6,4.0,0.64,0.64,1.4,1.7,0.825,2.7,3.4,6.1,1.8,0.4,1.0,0.4,1.8,6.5,30.0,C,66.0,24.0,1386.0,17.8,0.688,0.0,0.432,14.2,16.9,15.6,11.0,1.0,4.1,7.9,10.4,4.5,2.2,6.7,0.232,1.5,2.0,3.5,1.9,60.0,19.0,79.0,0.759493670886076,2026,,
Spencer Jones,24.0,DEN,SF,64.0,37.0,22.1,2.1,4.1,0.504,0.9,2.3,0.396,1.2,1.8,0.636,0.613,0.5,0.8,0.608,1.2,2.1,3.3,0.8,0.8,0.5,0.5,2.7,5.5,24.0,SF,64.0,37.0,1417.0,9.3,0.619,0.55,0.195,6.2,10.2,8.3,4.5,1.8,1.9,9.8,9.7,1.5,1.1,2.6,0.088,-2.5,0.0,-2.5,-0.2,51.0,28.0,79.0,0.6455696202531646,2026,,
Sion James,23.0,CHO,SG,80.0,19.0,22.6,1.7,4.5,0.372,1.0,2.9,0.355,0.7,1.7,0.402,0.485,1.0,1.2,0.837,0.6,2.9,3.5,2.0,0.6,0.3,0.8,1.8,5.4,23.0,SG,80.0,19.0,1805.0,8.4,0.535,0.633,0.272,3.1,14.1,8.7,11.5,1.4,1.0,13.3,10.9,1.2,1.9,3.1,0.083,-2.9,1.1,-1.9,0.1,43.0,37.0,80.0,0.5375,2026,,
